,existence
인민,201
해방군,13
조례,41
에,1242
',1216
시진,511
핑,531
강군,49
사상,323
…,62
中,36
",",819
군사,68
굴기,7
본격화,5
(,947
베이징,161
=,223
연합,113
뉴스,111
),949
김,60
지,288
ㄴ,2039
방,15
특파원,84
남,28
중국,1290
해,17
에서,561
역대,7
최대,26
규모,10
의,1445
해상,20
열병식,18
을,2163
사열,3
하,3391
習近平,90
국가,211
주석,645
이,2040
현대화,20
건설,72
주요,38
내용,34
으로,588
삽입,12
며,273
박차,2
를,966
가하,5
고,996
있,533
다,1639
.,1634
공산당,264
기관,27
지인,10
일보,85
人民日報,44
오,192
아,245
중앙,141
CC,10
TV,19
등,273
은,1055
16,13
일,275
시,407
전날,40
내무,1
·,332
기율,15
대열,1
군,60
공동,18
개정안,7
서명,4
었,1329
다고,112
보도,47
는,1458
5,58
월,106
부터,45
시행,4
이번,75
목표,28
로,334
한,64
처음,25
되,411
으며,61
당의,38
대하,159
절대적,7
영도,25
핵심,78
"""",1129
군의,6
시대적,1
과학적,6
특성,2
과,539
정확성,2
운용,6
능력,26
강화,88
신,144
시대,122
규율,1
화,10
기본,4
법규,7
와,257
전체,15
가,468
준수,6
어야,188
행위,8
준칙,1
담,11
면,215
서,141
특색,118
길,17
전면,35
적인,11
신시대,6
세계,57
일류,3
군대,32
실현,40
데,37
중요,40
의의,3
강조하,79
또,62
전,115
면적,8
위원회,66
책임제,1
관철,20
종,12
엄치,12
從嚴治軍,1
엄격,16
관리,34
1,110
인,28
체제,59
도,374
포함,36
밖,3
총괄적,1
규범,6
정리,5
열사,5
나,62
참전,1
용사,1
장례,1
예식,1
절차,2
군인,9
체중,1
조절,4
훈련,28
기준,5
명확,1
게,146
규정,16
CCTV,4
통하,105
어,954
내,61
정치,82
조직,13
작전,8
업무,23
비밀,3
유지,25
청렴,1
재경,2
군중,3
생활,18
10,42
개,73
분야,20
확립,6
관념,1
엄정,1
ㅁ,48
확보,17
의미,33
부여,7
최근,66
미국,200
패권,13
경쟁,10
염두,1
두고,8
자국,15
예산,4
무기,21
크,57
숨기,2
않,115
전력,9
과시,28
행보,29
보이,81
면서,155
전략,36
노골화하,1
올해,74
국방,14
지난해,52
보다,27
8.1,1
%,31
늘어나,1
조,20
천,35
289,1
억,10
위안,5
192,1
8,24
원,12
책정,1
반,29
부패,27
운동,11
군권,1
장악,8
집권,71
2,73
기,229
들어서,6
군복,3
입,12
대규모,23
모습,27
자주,3
노출,2
의지,21
대내외,16
적,58
표명,10
獨,2
마르,63
크스,63
동상,16
선물,10
이유,7
계승자,8
바로,7
상하이,16
정,48
주호,6
공산주의,5
창시,3
자인,6
카,28
독일,21
고향,11
청동,11
상,19
세우,7
신화,20
통신,32
따르,149
지나,103
13,20
현지,7
시간,20
남서부,4
트리어,20
시내,6
몬,1
교회,5
광장,14
부근,2
생가,4
바라보이,3
곳,5
지난달,21
6,28
출발,11
달이,1
만,102
네덜란드,2
테,1
르,18
거치,8
안착,1
탄생,17
200,17
주년,90
기념,21
미술관,4
관장,10
이자,22
전국,60
협상,48
회의,146
정협,12
政協,2
위,73
원인,4
유명,11
조각가,4
우,17
웨이,14
산,12
吳爲山,3
제작,8
높이,25
4.4,3
ｍ,4
내달,6
공식,6
제막,3
ㄹ,432
예정,11
2015,6
년,191
방문,37
스밍,1
더,88
史明德,1
주독,1
대사,7
제안,5
성사,6
마치,7
프랑스,13
독립,2
100,33
기증,10
자유,10
여신상,1
연상,4
시키,57
ㄴ다,374
주의,160
정통,7
로서,6
자임,4
려는,30
뜻,7
담기,8
우웨이산,2
앞서,16
기관지,49
작품,3
구상,10
설명,14
기고문,5
이론적,2
자신감,47
노선,31
제도,26
문화,81
표현,4
전하,31
사회주의,45
이론,48
4,86
가지,27
라고,123
주장,29
투영,2
다는,136
것,476
지도부,48
같,30
반열,4
지도,66
끌어올리,4
듣,15
일당,4
효율성,2
서구,2
민주,6
뛰어나,3
내세우,18
2014,4
공산,5
다른,20
창시자,3
프리드,2
리,60
히,9
엥겔스,5
바,44
메,3
사회,183
과학,19
망,5
평론,3
태어나,2
완벽,1
자본,3
포기,5
지만,62
조각상,1
보내,17
으로써,11
마르크스주의,27
발전자,1
거듭나,2
말하,107
한마음,1
달리,12
받,77
측,21
생각,10
엇갈리,1
뉴욕,3
타임스,6
NYT,1
늘,54
3,64
모형,1
선,19
후,30
인권,8
문제,47
관광객,4
유입,1
주민,5
불편,2
반대,21
목,7
소리,18
거세,4
분출,1
특히,42
일부,17
역사학자,2
들,348
정치인,5
동독,6
독재,5
출현,1
초래,3
는데,15
이렇,22
무비판,1
마르크,11
스를,5
타당,1
회의감,1
표시,1
결국,6
트리,3
어시,2
의회,6
찬성,1
42,1
표,5
11,16
표의,1
표결,1
받아들이,4
기로,25
결정,18
으나,17
그,124
크기,1
0.6,1
줄이,5
조건,4
걷,7
많,22
기대,6
볼프람,2
라이브,1
시장,19
조각,3
상은,1
우의,1
상징,10
본인,2
저작,1
더욱,17
심층,1
이해,12
수,146
계기,10
만들,30
주,37
믿,10
외,9
어서,55
개장,1
작업,5
재,15
개관,1
일련,2
기념행사,4
대입,4
시험,28
록,1
곳곳,9
등장,20
홍,68
콩,60
안,42
승섭,9
975,2
명,44
치르,7
高考,2
논술,11
작문,2
어록,9
절대,31
권력,67
실감,1
국어,1
과목,4
점수,3
40,22
차지,6
도로,7
비중,1
높,20
이에,20
매년,4
제시,22
주제,22
뜨겁,4
논란,8
불러일으키,1
명보,8
가장,24
특징,5
공통,5
지역,16
자체,8
출제,6
막론,1
모두,19
이나,12
구호,13
개념,2
점,28
한국,10
시험지,2
중,171
하나,14
선택,9
北京,35
톈,8
天津,1
上海,3
저장,4
浙江,1
장쑤,3
江蘇,3
나머지,2
성,35
택하,3
유형,2
2000,4
새,33
진입,2
2008,3
올림픽,2
개최,13
2013,3
빈곤,14
퇴치,8
시작,17
2020,2
샬,35
캉,13
2035,4
세대,12
별,6
기회,5
사명,20
논하,1
가운데,59
국정,8
과제,6
小康,8
모든,40
국민,10
편안,8
풍족,9
누리,10
선전,37
시의,1
1981,1
어이,1
돈,4
효율,4
생명,3
2005,2
표어,4
녹수,3
청산,5
금산,2
2017,5
슝,2
신구,2
우리,24
대장정,15
완주,1
자,81
비교,5
글,12
짓,7
도록,43
푸른,1
산과,1
강물,1
금,1
라는,117
야심,5
차,45
특구,1
시도,5
생태,7
문명,32
속,53
청년,3
어떻,12
조국,10
발전,109
성장,27
ㄴ가,3
여기,5
대표,55
대회,81
성은,1
현실,3
근거,6
처리,1
앞장,3
서서,1
행동,11
용감,2
추세,1
이끌,19
2006,2
당,185
서기,9
재직,1
당시,21
신문,23
기고,5
시가,1
보물,2
國之重器,1
글귀,1
석상,5
기술,22
출처,1
응시생,2
2011,1
이후,64
최고,32
기록,5
맞,72
출산,1
붐,4
일어,4
던,4
출생,1
밀레니엄,1
치러,1
때문,32
사우스,12
차이나,13
모닝,12
포스트,13
SCMP,19
대학,18
진학률,2
치열,1
얻,11
위하,146
재수,1
삼수,2
학생,9
마,69
윈,8
알,9
그룹,4
회장,6
배우,13
탕,1
유명인,1
교육부,5
940,1
148,1
재수생,1
고등학생,1
2007,2
23,4
2016,3
42.7,1
정은,7
시진핑,3
건국,34
70,55
축,5
언제나,4
함께,28
서울,22
동,5
현,18
기자,29
북한,22
국무,18
위원,51
장이,7
축하,11
서한,6
에게,79
조선,2
위원장,36
이날,72
정부,52
나라,4
안정,37
이익,16
수호,13
지속적,6
이룩,9
당과,16
투쟁,14
전적,2
지지,16
고수,4
빛,4
내이,2
한길,4
밝히,50
총서기,13
동지,25
여러,10
차례,10
상봉,2
합의,9
정신,21
친선,3
협조,3
관계,40
요구,41
두,45
염원,3
날,12
활력,5
굳,6
존경,5
건강,7
사업,23
성과,31
거두,8
축원,2
간,44
슬기,2
롭,24
근면,3
위대,62
밑,3
완강,2
벌이,15
역사,35
온갖,2
도전,36
시련,4
이기,12
중화,69
대지,3
세기적,2
전변,2
았,123
공화국,22
종합적,2
국력,3
국제적,12
권위,31
비상,4
평가,41
잇,51
제,26
18,11
두리,2
일심,2
단결,18
여,29
초보,2
부유,2
결정적,2
승리,20
강국,15
향하,6
과감히,3
전진,5
그러,23
걸어오,4
장엄,2
야말로,2
정확,4
필연적,4
어떤,12
광풍,2
흔들림,6
없이,7
근본,8
요인,4
뚜렷이,2
확증,2
아우르,25
총서,7
기에,19
형제,2
두개,1
백,3
점령,2
민족,52
부흥,31
꿈,7
장정,6
반드시,9
하리,2
확신,2
덧붙이,25
종합,17
심재,46
훈,47
병섭,3
관영,43
외국,4
지도자,51
축전,3
소개,7
창당,10
2021,2
2049,2
돌,5
첨단,12
선보이,3
톈안먼,22
애국주의,5
고조,3
윤,5
구,26
회색,3
하늘,6
가르,2
굉음,2
멀리서,2
들려오,2
天安門,7
가득,4
메우,4
관중,4
일제히,5
고개,3
공군,7
항공기,9
20,39
대,79
숫자,2
그리,6
동쪽,4
서쪽,5
가로지르,3
날으,3
오전,12
막,25
때,22
분,6
예,23
포,11
발,3
발사,3
소련,3
69,4
뛰어넘,2
아침,2
소,13
셜,5
미디어,9
위챗,3
웨이보,2
메시지,10
오성,7
홍기,7
사진,31
넘쳐나,2
1949,8
마오쩌둥,26
선포,5
성루,4
오르,17
중화인,2
민,27
만세,6
잇달,2
외치,5
박수,4
화답,6
부족,2
탓,2
저,33
언,7
라이,3
총리,43
지시,18
편대,2
비행,3
하지만,29
뒤,24
군은,5
태평양,9
건너,3
까지,64
위협,11
막강,8
뽐내,3
훙,5
轟,4
H,7
-6,4
N,2
장거리,5
폭격기,14
K,2
첫,19
스텔스,3
전투기,9
젠,7
-20,2
함재기,4
-15,2
-16,2
귀,2
찢,2
미세,2
먼지,2
뿌옇,2
수놓,2
최신형,6
초음속,4
정찰,2
드,5
론,22
DR-8,2
용을,2
자랑,12
공격용,7
공지,4
GJ,2
-2,2
-11,2
둥,20
펑,10
東風,4
DF,4
-17,2
미사일,15
항공,8
모함,4
킬러,2
알리,24
-100,2
본토,3
어느,4
든,4
타격,11
다탄두,2
대륙간,2
탄도,2
ICBM,2
-41,2
예상,22
대로,10
관심,13
끌,24
무역,179
전쟁,115
상대,10
근육,3
보여주,23
필요,21
전문가,23
말,46
참석,41
80,3
분만,2
끝나,8
참여,15
퍼레이드,10
열리,54
장면,13
덩샤오핑,12
장쩌,18
후진,15
타,23
까,5
테마,2
이어지,15
초상화,8
앞,27
청중,2
환호성,2
지르,2
자리,30
일어서,4
관람객,2
제지,2
진행,18
요원,2
못,4
보,52
체하,2
내버리,2
고속,3
철도,2
위성,3
G,11
이동,2
힘,17
의식주,2
걱정,3
없,56
비교적,3
미래,7
평화,13
비둘기,2
날리,1
나의,3
노래,2
맞추,8
풍선,2
뒤덮,1
으면서,7
걸치,9
행사,36
내리,13
중심부,2
차단,4
지하철,5
운행,3
중단,7
한때,4
이착륙,4
금지,8
철통,2
통제,23
중국인,21
자부심,3
고취,6
의도,23
효과,4
드러나,6
연설,25
스럽,9
강조,82
만난,4
참석자,5
겅청씨,2
우리나라,2
날로,2
강하,7
으로서,11
매우,7
이런,24
사건,13
경제,144
각,17
획기적,3
도약,2
∼,18
변화,13
더욱더,3
빠르,6
커지,32
기대감,3
드러내,9
정말,3
어디,2
당하,11
겁나,2
인사,17
눈길,9
제조업,5
미,153
小米,1
레이,1
쥐,1
雷軍,1
비롯,23
피아니스트,1
랑랑,1
郞朗,1
애국,10
영화,12
잔랑,1
戰狼,1
유랑,1
지구,3
주인공,3
우징,1
吳京,1
국,28
경절,8
직전,3
2019,3
여자,2
배구,1
월드컵,1
우승,1
대표팀,1
깜짝,2
마지막,4
7,21
마리,1
놓,11
낮,4
기온,1
30,24
사전,8
대기,1
가량,3
원로,17
중간,13
비우,1
역시,5
이어진,1
잠시,1
주석단,1
마련,13
좌석,2
앉,8
휴식,1
취하,2
ykim,1
@,1
yna,1
co,1
kr,1
불,6
과한,1
회귀,3
힘들,5
박,3
상현,3
몽,44
中國夢,18
2012,6
잡,20
이루,37
자미,2
언급,28
몽은,2
먹고살,1
상태,7
소강,2
완성,6
거창,1
담대,1
덩,20
鄧小平,10
달성,8
번째,6
개혁,116
추진,59
다면,6
胡錦濤,9
리더십,12
발휘,4
중이,7
째이,1
2022,4
ㄹ지,14
일찍,1
부,9
터,8
모으,9
일각,9
후대,1
넘겨주,1
장기,24
나서,60
전망,20
통치,22
현대,7
정치사,2
연구,25
영남,2
서울대,2
국제,64
대학원,2
교수,20
신간,1
엘리트,5
:,16
당상,1
황제,6
쩌둥,34
毛澤東,14
당내,13
불과,5
일인,4
지배,10
역행,1
쉽,5
이러하,19
처럼,10
충분,3
지적,48
만일,3
려고,2
과도,9
정책,100
다가,7
국내외,11
강한,3
직면,20
밖에,6
저자,6
책,11
정치가,1
중심,27
ㄴ다면서,12
江澤民,12
집단,24
세,15
단계,10
분석,34
아니,50
수행,6
그렇,2
누구,2
ㄹ까,5
약,10
25,17
구성,11
정치국,39
지목,3
우두머리,1
혹은,2
기가,1
맡,9
기구,12
현직,13
자가,2
이름,5
올리,9
상무,42
처,2
직할시,2
성급,1
단위,4
국원,1
운영,31
승계,3
공고화,4
논의,19
지금,9
정계,2
좌우,2
상당,4
기간,12
다르,8
사실상,9
혁명,41
아버지,2
독점,4
압도적,3
지위,21
이용,5
독자적,1
사람,10
추종,1
학자,2
스카이,1
최후,1
1976,6
사망,2
부상,5
자의적,1
陳雲,1
현안,5
권력자,3
사이,15
맏형,1
정도,6
비공식,2
세상,3
떠나,3
복수,1
세력,12
나누,1
정해지,2
다만,5
또한,20
집중도,1
분권,1
형,5
分權型,1
集權型,1
구분,3
다면서,22
시기,19
권한,2
해당,5
ㄴ다는,33
견해,5
내놓,4
초기,4
기존,9
파벌,1
타파,2
자신,48
직간접,1
연관,2
유능,2
등용,1
기반,22
고질적,2
부정부패,1
해결,12
정풍,2
척결,2
따,2
이념,21
당헌,10
장쩌민,2
오의,2
이처럼,6
이전,8
두드러지,1
음에도,1
오쩌,6
그러나,14
당대회,7
중앙군,2
계속,13
기와,1
국무원,11
다음,2
이양,1
유력,4
검토,4
가능성,13
현재,24
확률,1
음사,1
700,2
쪽,3
북,19
정상,50
회담,23
핵,15
프로세스,4
속하,1
vs,1
속도,8
이상,22
싱,6
북미,25
ㄴ지,1
일주일,1
향후,13
영향,8
쏠리,3
12,16
조만간,1
마이크,1
폼페이,1
장관,4
방북,13
후속,5
방중,6
벌써,1
만나,9
완전,3
복원,3
차후,1
역할,14
느냐에,2
비핵화,11
과정,23
지연,3
거나,12
촉진,18
상반,1
나오,73
19,40
항공편,1
스,14
우두,1
공항,1
도착,2
이틀간,1
ㄴ다고,31
확인,3
외교가,2
일단,2
결과,5
공유,2
본격적,7
앞두,24
공조,2
방안,4
조율,1
관련,65
연잇,3
만큼,6
상황,53
다시,19
소통,2
시급,2
-,8
보장,4
물론,11
한반도,11
구축,24
소외,3
으려는,1
입장,16
지렛대,2
삼아,2
대미,9
력,4
이해관계,2
떨어지,8
해석,22
해법,2
재차,4
쌍,2
雙中斷,1
도발,2
한미,1
궤,2
병행,3
雙軌竝行,1
협정,3
조언,1
관측,18
대리,1
려,13
동북아,1
영향력,18
축소,4
주력,17
얘기,1
사실,6
미군,6
자산,2
안보,11
같이,3
양국,6
국방부,8
을지,3
프리,1
덤,1
디,16
UFG,1
연습,1
공식화하,3
환영,6
밀착,2
對美,1
낳,12
인하,10
다소,4
복잡,11
해지,8
장기화,5
범,2
철,3
아산,1
연구원,26
통일,19
센터,2
장,23
前,1
너무,7
빨리,2
제고,5
긷,2
워,2
강,18
준영,2
외대,1
기본적,1
그간,1
일방적,1
페이스,2
끌려가,1
안되,1
측면,8
잦,2
접촉,4
과거,6
도구,3
활용,11
여지,1
작금,2
친밀,1
정세,20
찾,23
자연,1
움직임,5
차원,6
아야,29
아가,5
어떻게,1
접점,1
찾느냐,1
얼마든지,1
가속,3
안전판,1
과감,1
종전,2
선언,7
양,5
무진,1
서도,1
우려,17
해소,2
다양,13
조치,15
ㄴ데,2
틀,4
물길,1
거스르,1
라,34
긍정적,5
방향,17
美,4
대적,1
준비,18
무,8
역전,1
쟁,1
회의론,2
동영,1
차대,2
운,2
국내,9
총,4
생산,11
GDP,2
대국인,1
갈등,68
전면적,14
비화,1
유일,3
초,24
강대국,15
전면전,1
불사,1
과연,1
가능,11
냐,16
이래,5
외교,48
방침,16
도광,2
양회,25
韜光養晦,3
조용히,7
기다리,5
키우,11
일찍이,3
폐기,5
견제,4
불러오,2
강경,7
대외,38
시험대,3
26,8
블룸,3
버그,3
쓰,14
비판,37
수백만,1
건,4
조회,1
安信,1
증권,1
수석,1
이코노,1
미스트,1
오산,1
高善文,1
박사,4
마찰,5
접근,2
정신적,2
정당,1
대중,9
反,6
정서,6
이제,5
공통적,1
워싱턴,4
제대로,4
못하,23
채,7
최종,3
결전,1
위험,16
처하,2
여건,2
비추,2
정면,2
충돌,11
부담,5
떠안,1
경고,9
전반,4
불안,8
흐름,5
홀로,1
호황,1
연방,7
Fed,1
연,11
성장률,11
치,14
2.7,1
2.8,1
상향,1
조정,15
최저,6
수준,19
실업률,2
하락,2
연말,4
3.6,1
이달,14
금리,3
0.25,1
포인트,2
추가,4
인상,4
기초,4
반면,4
연간,2
신창,1
타이,5
新常態,1
뉴,1
노멀,1
산업,32
증가율,2
예상치,1
밑돌,1
6.8,1
소매,1
판매,5
고정,1
투자,10
실물,1
경기,30
반영,8
지표,11
좋,11
지방,10
국유,5
기업,22
부채,5
문,4
잠재,1
뇌관,1
채무,2
불이행,2
사태,9
잇따르,6
폴트,2
부각,8
아서,4
충격파,1
지적도,4
트럼프,30
행정부,2
압박,15
최강국,1
잠재적,1
억지,1
전략적,9
숨,2
담판,7
단순,3
적자,4
카드,6
달래,1
패착,1
분석도,3
제기,11
대통령,53
직접,18
지식,5
재산권,3
부당,2
정작,2
성의,2
한편,11
민족주의,4
우선,12
운신,2
폭,4
줄,5
개방,75
설계,1
사인,2
광,27
대내,3
약화,3
집중,14
어깨,4
나란히,3
임,16
적극적,23
피,4
나가,19
열차,7
넘,5
개인,23
숭배,25
창,51
추,11
도배,2
서비스,4
재용,7
시황제,4
習皇帝,4
별칭,2
거머쥐,3
조짐,1
지리,3
吉林,2
성도,1
長春,2
97,1
기념일,4
객실,3
정치적,26
장식,6
가동,1
윗면,1
붉은색,1
노란색,1
집약,1
매뉴얼,3
작년,12
선출,7
전인대,20
선임,3
틀어쥐,2
공고,7
다지,18
제한,8
조항,12
삭제,4
헌법,18
통과,5
마음,5
먹,4
으면,5
종신,6
직,5
연임,4
원래,1
맞물리,2
즉,6
격상,3
당장,8
黨章,6
개정,22
명기,5
전문,4
격,8
총강,1
레닌주의,6
발전관,5
삼,8
공식적,4
전역,7
전파,10
학습,40
거대,5
매체,56
연일,3
인용,8
도시,15
거리,5
건물,2
문구,1
포스터,3
게시판,1
생겨나,1
각급,4
학교의,1
런,3
人民,3
다투,4
연구소,15
열,24
수많,2
책자,8
발간,6
판,14
수학,3
다수,3
당국,28
세분,1
화해,5
확대,22
전선,11
중시,3
특정,3
영역,3
파고들,3
대혁명,4
유례,1
어렵,8
너,1
설리번,2
영국,19
노팅엄,1
연구소장,1
매일,1
기사,8
올라오,1
몰두,2
무엇,2
신호,4
라면,7
노예,1
취급,1
유사,5
종교,13
강요,3
종교적,3
는다고,1
소장,1
폭풍,1
전야,1
언론,11
결,2
사항,4
주문,40
상대국,1
제품,3
고율,3
관세,10
부과,4
발효,4
하루,2
압력,12
굴복,4
다하,18
반격,1
ㄴ다며,4
자매지,2
환,6
시보,5
環球時報,2
사,14
평,3
社評,2
對,3
융합,3
억제,2
변하,7
堀起,1
라며,15
중미,8
강도,1
발생,7
중대,11
물질적,1
사상적,6
대비,17
마지,1
어떠하,3
외부,12
충격,1
더라도,5
두려워하,1
콧노래,1
부르,6
순조,1
란,7
몇,4
개월,1
대국,14
곡절,1
겪,12
숙명,1
점점,2
확실,5
임시적,1
규칙,7
피하,5
시점,2
만장,1
콧대,1
꺾,1
38,1
라도,3
긋,1
역설,11
논평,1
대대적,13
보호주의,1
세계화,8
경쟁력,1
배양,3
국제화,1
경영,9
환경,19
편리화,3
및,65
자유화,3
실행,8
촉구,18
국면,4
개방형,4
일대,28
일로,29
一帶一路,14
육상,13
실크로드,15
협력,23
스스로,1
법률,2
체계,10
가속화,3
글로벌,8
거버넌스,1
적극,2
상호,6
존중,5
공평,3
정의,5
공영,4
신형,6
1893,5
강력,29
동안,9
탄탄,1
위상,14
中國堀起,1
앞세우,6
별다르,2
성공적,3
일반적,1
분쟁,14
수역,3
군사적,6
존재,5
감,7
한껏,1
일대일,24
고강도,2
캠페인,3
안팎,6
반대파,2
제압,1
각각,3
명실상부,1
등극,3
간의,5
예기,1
스인훙,1
時殷弘,1
학원,13
특,1
그것,2
슬,7
교수는,2
지속,19
ㄴ다면,6
금융,5
항상,1
위쪽,1
무대,5
생기,5
내다보,4
우선순위,1
서방,5
양보,3
대처,2
희박,1
평론가,5
오인,1
陳道銀,1
법대,2
지식인,2
경제적,6
강요받,1
희망,2
관점,2
분명,6
러,8
우지,1
樓繼偉,1
토론,1
포럼,12
전략가,1
스타일,1
추측,1
일어나,5
좀,1
침체,1
정당성,9
훼손,4
수십,4
위기,25
캘리포니아,1
리버,1
사이드,1
캠퍼스,1
중국학,1
페리,1
린크,1
하강,3
야기,2
안정성,1
새롭,18
극복,11
어도,4
도움,4
실제로,4
빚,6
제조,6
2025,4
프로젝트,12
자제,1
지침,11
자극,2
으려,2
애쓰,5
대신,5
널드,12
중국산,3
유럽,9
과의,5
대응,23
모색,3
형국,3
유,5
키,6
넨,1
EU,8
집행,4
부위원장,1
제의하,2
퇴짜,2
클로드,2
융,3
커,35
?,3
진,10
병태,4
견지,28
목소리,4
권,7
多維,2
익명,3
인터뷰,1
외교부,7
작위,2
有所作爲,1
내부,36
한번,3
적이,5
없었,1
미간,2
격차,1
인식,5
주창,6
용납,3
관원,3
곡해,2
빚어지,2
진단,3
통해,3
잉여,1
설비,5
고용,4
창출,1
슈퍼,1
파워,1
대등,1
겨루,1
발신,2
해군,17
델,2
항해,1
아프리카,19
지부,1
티,2
보급,3
기지,10
설치,1
스리,2
랑,2
항구,1
조차,1
확장,5
동일,1
시해,1
포퓰리즘,1
불르,1
사고,1
재빨리,1
국제무대,2
마구잡이,1
조작,7
이미지,7
참담,1
손상,2
잘못,4
판단,4
퓰,4
즘,4
부추기,2
먼저,5
책임,12
과장,2
문풍,1
혹평,1
왜곡,4
시정,1
긴장,1
전반적,8
가져오,2
절도,1
태도,4
라면서,31
통로,1
수단,2
완화,2
파급,1
부합,2
관리도,1
인류,13
운명,7
공동체,6
확장성,1
비난,9
비롯되,4
역량,5
지니,5
활동,31
는다면,1
오히려,3
개발도상국,4
자세,1
닿,4
범위,5
의무,2
이것,3
구체적,4
체현,1
뿐,11
고려,1
예봉,1
누그러뜨리,1
공세,4
인내,1
軍隊要忍耐,1
1990,3
년대,6
초반,1
한발,1
분발,4
奮發有爲,1
변수,3
의하,4
돌아가,2
칼날을,1
함부로,2
내걸,9
마라,1
제동,3
걸,5
통신사,1
공청,3
철수,1
ㄹ라고,2
소식,1
대륙,1
사회관계,1
SNS,3
구이,2
貴州,1
첸,2
黔西,1
난,6
영수,3
칭하,1
싣,3
우성,1
각종,11
관공서,1
내걸리,2
붙,2
칭호,5
전임,3
임기,8
급,9
級,1
지정,4
隔代指定,1
관례,2
깨,1
차기,5
후계자,3
철폐,2
15,11
공고히,6
쉬,5
博迅,3
여전히,10
확산,7
색,2
학교,14
당중앙,6
승인,4
새로,2
발족,1
陝西,1
연합회,7
하방,13
下放,1
노동,14
현장,8
량,2
자허,2
梁家河,1
홍색,1
선정,5
콰,1
洪振快,1
정보,6
사회적,3
토대,4
이미,7
바뀌,3
흔들,3
해외,16
순방,20
측근,10
주도,8
충성,26
맹세,8
정하,3
시작하,5
당조,4
단번에,2
결정짓,4
두뇌,2
무장,17
자각,3
겸하,13
역사적,11
비서장,2
출신,5
최,13
잔,7
栗戰書,7
주재,16
사용,4
추정,8
음,12
一錐定音,2
정어,3
존,4
定於一尊,2
성어,2
분분,2
권위자,2
용어,3
기의,4
결연히,11
옹호,8
내외,2
흔들리,16
내부적,5
주변국,2
촉발,5
격화,14
계획,19
연속,5
기술력,2
과대,2
풍조,4
기획,3
시리즈,4
비판론,4
원자,3
溫家寶,2
룽,24
朱鎔基,2
재검토,2
화궈펑,3
華國鋒,3
실책,3
시인,2
제목,2
옛,4
끄집어내,2
동정,4
발언,14
단견,2
27,8
아랍,4
리트,4
UAE,4
세네갈,4
르완다,4
중동,4
개국,18
출국,4
졸,2
니,3
劉銳紹,2
확고,16
민감,3
전인,2
대가,2
이상설,2
조기,3
불식,2
28,10
돌아오,4
휴가,7
비밀회,3
동인,3
베이,33
다이,33
허,51
北戴河,14
대면,4
중공,1
공작,9
회,11
보호,16
자오,6
즈,13
趙克志,3
겸,7
공안부,2
임무,17
공안,11
大局,9
부장,15
제창,3
호응,1
끝,13
영,5
도하,1
무너지,1
마무리,6
붕괴,2
지명,2
분명히,10
성균관,1
균,1
엮,1
독주,1
반박,3
지탱,2
충실히,1
지키,13
는지,3
살피,1
68,2
직위,5
취임,5
책임자,6
균형,1
세가,1
무시,1
연장,2
획책,1
하기는,1
무산,1
방식,10
후보,6
주자,1
춘화,1
胡春華,1
천민,1
얼,2
陳敏爾,1
획득,1
첫발,2
디디,1
하다,13
곧바로,1
는가,1
묻,4
고는,1
천지개벽,1
업적,8
갖,9
미치,1
오랜,3
개인적,1
명성,1
카리스마,2
휘두르,1
이지만,1
당규,1
한계,3
상대적,2
커다랗,2
조종자,1
거부권,1
결정자,1
실리,4
李克强,15
탈피,1
정밀,1
지원,10
실패,4
안정적,8
양면,1
펼치,2
400,3
500,3
왕,39
王毅,3
담당,6
올바르,3
일방,5
얻어내,1
소기,2
셈,8
29,9
단,2
천명,7
혁신,3
교류,6
전통,11
잘,19
호혜,1
포용,5
그리고,6
제정,4
호소,3
대두,1
승자,2
발등,2
찧,1
합작,1
브릭스,4
BRICs,2
브라질,6
러시아,15
인도,11
신흥,3
연계,4
형세,1
이어,15
아래,16
창조,3
양호,2
국빈,4
모리셔스,2
귀국,2
이젠,1
일간,3
부르짖,4
도마,2
바꾸,6
검증,1
드라이브,4
기점,1
홍보,7
매진,2
공,6
보따리,1
안기,1
동의,2
끌어내,5
우군,3
남아,1
공의,1
겨냥,11
논리,1
포섭,2
전도사,1
바탕,10
대상,15
내보이,1
더불,18
설득,1
280,1
㎞,3
허베이,2
河北,2
황,13
秦皇島,1
휴양지,1
모이,7
그동안,7
실력,3
육성,6
2050,5
반감,3
시각,2
이르,17
왕후,10
닝,12
王,4
호,13
<,14
삼수변,4
+,5
扈,4
>,14
寧,4
물러나,3
소식통,25
불이,1
집중적,5
있다,4
지도력,11
엉터리,1
백신,2
접종,1
파,20
폭주,4
주중,5
대사관,2
인근,5
폭발물,1
터지,3
명문,2
대인,1
통렬,2
대자보,2
나붙,2
민심,14
예전,3
불구,1
쉽사리,2
확고히,10
정적,4
대부분,5
제거,3
심복,2
채우,2
책사,7
류,19
직책,3
왕후닝,9
달,14
째,1
무소식,1
가열,1
劉鶴,4
부총리,20
안전,9
홈페이지,1
통지,8
카이,2
馬凱,1
주임,15
겸임,1
소조,2
조장,3
임명,4
중소기업,2
王勇,1
밍,4
黃明,1
응급,1
이로써,1
공업,1
교통,1
겸직,3
판공,6
실,10
대화,14
수석대표,1
고위급,2
신임,2
전혀,5
방증,2
아무런,2
교체,2
설,5
나돌,3
나타나,4
1960,1
101,2
중학,1
친구,3
친분,1
불리,7
주어지,1
당분간,1
구조,21
체질,2
치중,1
승승장구,1
처지,2
몰리,4
발발,2
우월주의,2
공격,9
브레인,2
인물,5
정립,2
개헌,8
공신,2
한명,2
수세,1
서열,8
위의,2
거론,2
검사,5
순시,1
조가,1
감찰,4
도가,1
미흡,1
젠궈,1
蔣建國,1
전부,17
부부장,3
돌연,3
면직,1
치산,8
이해도,2
王岐山,6
부주석,15
부인,7
스트리트,1
저널,1
WSJ,1
기업인,3
직무,2
첨예,1
팔,2
능숙,1
소방대,1
투입,1
무성,1
돌파구,1
람,1
시카고,2
머스크,1
테슬라,1
경영자,1
CEO,1
회동,3
늘리,1
전달자,1
회견,3
결코,5
원하,8
육성책,1
손자,2
병법,1
구절,1
지피,2
지기,1
知己知彼,1
미국인,4
벗어나,1
노력,35
정책적,2
의존,7
만기,1
친람,1
양제,2
츠,1
楊潔,1
兼,1
虎,1
들어가,4
簾,1
求是,4
지도적,1
고도,4
들어앉,1
방책,1
꾸미,1
파악,4
수립,4
대권,1
흔적,3
지우,4
초상,6
거의,6
사라지,5
여성,3
먹물,4
뿌리,4
라디오,4
방송,26
RFI,1
아시아,24
RFA,1
극히,1
드물,1
은밀히,1
철거,5
야,11
오충,4
董瑤瓊,1
고층,1
빌딩,2
쓰이,1
광고판,1
각지,5
건축물,1
외벽,1
걸리,3
시선,2
동급,2
兩會,5
수정,2
위치,4
한층,3
농촌,5
등에,10
두상,3
속속,3
후난,7
湖南,1
주저,2
株洲,1
긴급,2
선전물,3
게시,1
거주,5
모,2
씨,2
廣東,1
꾼,1
많이,5
톈진,1
외지,1
아직,4
주변,1
다음날,2
톈진시,1
토록,2
광둥성,3
하달,1
관,3
東莞,1
광고,1
회사,4
잉,2
寶盈,1
입주자,1
파출소,1
즉시,1
학계,5
물,4
인터넷,28
여자애,1
저지르,1
경천,1
누,1
있었,1
겠,49
느냐,3
반문,1
실체,1
깨닫,1
칩,1
부품,4
넘어지,1
이로,1
인해,1
개발,19
주영,1
폭격,1
동맹국,3
상정,1
연례,3
보고서,13
AFP,3
CNN,1
지상군,1
육군,8
싸우,5
변모,2
상세,3
공개,12
제출,2
외교적,1
갈수록,5
증대,1
족적,3
넓히,3
영향권,1
형성,4
역내,1
우월,1
지배력,1
조명,3
경우,10
멀리,1
nuclear,1
mission,1
맡기,3
탑재,4
갖추,12
추구,10
이내,1
운반,1
기능,1
만이,5
대거,3
군사력,13
배치,7
해양,1
경험,4
축적,1
하면서,5
급속도,2
H-6K,1
일본,8
열도,1
남서쪽,1
코,5
해협,3
키나,2
구역,1
영유권,4
주둔,2
괌,1
서부,2
장차,1
뒤처지,3
힘쓰,8
명령,2
900,1
달러,4
21,10
추산,2
789,1
파키스탄,4
세계적,6
무책임하,1
일축,1
지부티,2
최초,3
우호적,1
맺어,2
거듭,1
우주,8
주군,1
키네틱,1
탄두,2
상대편,1
목표물,2
직격,1
맞히,1
폭파,1
지상,3
레이저,1
궤도,1
로봇,3
갈,3
자금,2
대출,2
주고,1
시설,7
계약,2
결속,9
힘입,2
기강,20
잡기,6
17,9
從嚴治黨,8
주목,5
자마자,2
파동,1
수습,5
소집,7
다잡,4
하반기,13
사정,7
숙청,1
시사,3
관건,3
성패,1
장기적,3
보유,3
진전,5
필수적,1
사안,3
실천,13
지휘,4
복종,11
간부,31
없애,2
문책,13
((,2
22,9
동시,10
수뇌부,7
열린,5
좌담회,11
일반인,2
건재,7
풍부,2
실속,1
문헌,1
전력투구,1
향상,3
응집,3
깃발,5
창의,2
가치관,2
기울이,2
계열,1
韜光韜晦,1
버리,3
뭉치,10
자고,9
결론,3
이르렀음,1
채택,2
뜻하,2
강경책,1
구사,2
반발,10
당원,25
처벌,14
루머,1
유포,4
당적,3
박탈,4
선양,8
창진,5
골자,3
당기,2
율,14
처분,2
발표,13
종교인,1
신설,3
中國共産黨新聞網,1
이하,5
충성심,2
통,4
접어들,2
의욕적,1
육,1
부작용,2
기미,2
풀이,7
도입,3
넣,1
65,1
위반,1
불충,2
유언비어,1
영웅,16
소수,4
통합,8
파괴,3
원칙,4
언행,1
폐해,1
유발,1
심각,6
강력히,14
관변,1
쑤웨,1
蘇偉,1
충,1
칭,1
重慶,1
교,10
신봉,1
취지,3
싸움,3
상의,2
형식주의,3
관료주의,5
쾌락,1
사치,2
형태,3
퇴폐,1
상세히,1
사적,1
직장,2
주식,2
거래,1
관여,1
축출,1
기금,3
할당,1
자원,6
친척,1
편의,2
봐주,1
마찬가지,1
수년,4
실시,11
상당수,2
사례,1
적발,1
찬양,6
신흥국,5
보편적,4
현상,5
부딪히,2
특수,2
넘어가,1
게재,1
흥망성쇠,4
맞이하,3
제하,1
당혹감,1
돌이켜보,1
놀라,2
교훈,1
포착,1
고비,1
넘기,2
판가름,1
2010,2
전이,1
일으키,4
선상,1
돌아보,2
계단식,1
놓치,1
기득권,2
와의,1
불가피,1
예외,1
에두르,1
언제,3
위주,1
판도,2
뒤흔들,4
양측,3
투,3
데스,1
함정,3
섣부르,1
자초,1
잠재우,1
1985,1
플라자,1
급격,2
엔화,1
절상,1
수출,7
잃어버리,1
신뢰,3
굳건,2
의식,30
실수,2
순풍,1
ㄹ수록,2
미리,1
중함,1
총국,11
해체,2
중앙선,16
한류,8
진출,5
총괄,5
주무,1
부처,5
출판,4
부서,5
신망,1
당정,4
광파,2
전시,2
廣播電視,2
판권,1
분할,1
드라마,5
실무적,1
개편,1
여론,4
엔터테인먼트,3
검열,3
이데올로기,10
널리,2
출판물,1
수출입,2
저작권,1
유통,2
방영,6
프로그램,13
주관,3
분리,5
이행,4
실무,1
입안,1
콘텐츠,10
품질,2
줄어들,1
최적화,4
시스템,1
관할,3
권이,1
이관,1
허용,1
여부,1
직접적,2
색채,1
감독,3
기조,18
무게,7
령,2
限韓令,1
제한령,1
일변도,2
편,5
일환,3
온라인,6
탸,1
今日頭條,1
동영상,4
앱,30
네,6
이한,1
돤,1
內涵段子,1
폐쇄,4
네티즌,1
차량,1
경적,1
시위,32
벌어지,2
게임,1
진흥,1
대목,1
태지,1
영화제,1
출품,1
연예인,1
출연,2
물꼬,1
가요,1
선호도,1
문화적,3
공감,1
소재,2
한중,1
물살,1
활성화,2
노려보,1
규제,4
책임지,2
좡룽,1
莊榮文,1
정보화,1
정보판,4
공실,4
공간,3
좡,5
구시,9
차르,3
명의,2
이용자,5
청사진,1
핵심적,3
개선,13
역점,1
과업,3
초점,4
마다,1
직후,2
용인,2
온건,5
마저,3
억압,2
경향,1
단속,16
제작자,1
업자,1
플랫폼,7
올,3
분기,3
불법적,1
888,1
웹,3
사이트,5
72,1
계정,8
외국인,1
선교,1
설교,1
생방송,1
에너지,2
고양,4
부정적,1
요소,7
다짐,7
대해,1
약속,4
사이버,1
생태계,1
부활,1
동참,1
전장,2
주도권,6
주류,2
편집자,5
추동력,1
광범위,4
충분히,4
언론인,8
헬기,26
탑승,8
전방위,6
결연,4
79,8
집단군,8
시찰,29
直,4
-10,8
조종석,10
전투,10
헬멧,4
조준,4
장치,6
각인,3
장비,6
점검,9
부사,4
단장,3
접견,6
보강,3
승전,6
장병,7
장해,3
신념,5
당부,5
연휴,4
B-52,3
상공,6
구매,3
군부,5
제재,6
초치,3
사령관,3
방미,3
취소,4
덜,6
합동,6
참모부,3
연기,3
국무부,3
F-16,3
군용기,4
예비,3
국제법,4
어기,3
주권,7
침해,3
다며,9
기관총,3
잘하,7
전원,9
헌화,13
애국심,7
왕양,7
汪洋,6
민국,3
타고,1
지난주,2
헤이룽,5
黑龍江,4
랴오닝,3
遼寧,1
동북,2
당사자,1
깔리,4
북부,1
전구,1
소속,7
신속,1
띠,1
빌,5
과일,2
조종,2
근육질,1
몸매,1
지지도,1
블라,4
미르,4
푸틴,4
흉내,1
맞서,6
해군력,3
군함,3
척,7
병력,1
증강,1
원양,1
보급선,1
습,1
상륙함,1
구축함,6
호위함,1
취역,2
국산,1
t,2
055,1
합치,1
건조,1
수량,2
대단,1
2030,1
중반,1
질적,1
동력,11
쓰촨,4
불시착,3
찬사,2
四川,1
여객기,2
불시,1
착의,1
유공자,2
격려,8
평범,4
구현,3
철학,1
착륙,5
조종사,1
승무원,4
리셉션,1
초대,1
기념사진,1
찍,8
환담,1
촨젠,3
劉傳健,1
기장,6
유리창,1
깨지,2
부기장,1
몸,3
반쯤,1
빠져나가,1
긴박,2
침착,2
128,1
비행기,1
체,11
설레,1
버거,1
2009,1
떼,3
양쪽,1
엔진,1
꺼지,1
US,1
허드슨,2
탑승자,1
155,1
생존,1
기적,5
촨,1
유리,1
단호,1
승객,1
당신,3
닥치,1
쾌거,1
감동,4
칭찬,1
영웅적,2
느끼,2
수여,2
부끄럽,2
용기,2
평소,1
책임감,2
빈틈없,1
근무,1
훌륭,4
각자,2
직업,1
천만,4
민항,2
ㄹ라,5
비,1
행,2
연마,1
재산,1
최선,1
국과,1
쓰촨성,2
명절,1
흐트러지,2
마음가짐,1
퀴즈,6
쇼,2
다루,4
내보내,1
아도,2
우상화,3
황금,3
저녁,2
시간대,2
공부,5
시청률,1
예능,1
젊은이,7
인기,6
대학생,4
회사원,1
공무원,3
인생,1
역정,1
관하,9
풀,4
소감,1
사회자,1
전개,6
요청,2
부문,4
탐구,2
선전전,1
진심,2
방법,4
무관심,2
젊,4
사로잡,1
분투,7
좋아하,1
저속,1
슬로건,6
싱크,3
탱크,3
왕립,1
RUSI,1
찰스,2
트,11
파이낸셜,1
FT,1
이같이,4
주도로,2
교통망,2
연결,2
벨트,3
130,1
9,13
카자흐,1
스탄,1
나자,1
프,6
강연,1
이름표,1
붙이,1
계몽주의,1
가인,1
볼테르,1
신성,4
로마,2
제국,2
명언,1
남기,4
빗,1
취,2
走出去,1
재탕,1
일컫,1
랜,1
기껏해야,1
또는,2
책략,1
지정학,3
경제학,1
목적,9
주도적,1
돕,2
식량,1
신장,4
新疆,3
위구르,2
도모,9
학적,2
개방적,5
배타적,1
클럽,2
결성,1
政策溝通,1
인프라,3
연통,1
設施聯通,1
貿易暢通,1
資金融通,1
상통,1
民心相通,1
메커니즘,1
대상국,1
들이,4
빌리,2
어려움,10
주로,6
은행,1
묘사,4
기억,4
국내적,1
간과,1
해선,2
최신,2
방탄,6
기종,1
장갑,5
장착,3
적의,2
살아남,1
배,5
탄소,1
얇,1
그리하,2
핀,3
표면,1
입히,1
가볍,1
우수성,1
魏東旭,1
중량,1
무리,1
웨이둥쉬,1
저고도,1
므로,3
대공,1
취약,1
연료통,1
효과적,1
생존력,1
그래,1
적용,4
가격,2
싸,1
조끼,3
마인,2
드맵,2
불가,1
형상화하,1
mind,1
map,1
챗,4
微信,2
카카오,2
톡,3
그래픽,1
마인드,5
맵,3
재하,1
나무,1
모양,1
하부,2
항목,2
명칭,1
맵이,2
미지수,1
지침서,1
효율적,2
일지,1
의문,3
중국식,4
천지,2
피력,7
14,7
박물관,2
변혁,2
전시회,6
참관,3
빼,1
러지,2
趙樂際,2
한정,1
韓正,1
총출동,1
더하,4
서사시,1
심화,17
아름답,3
깊이,7
밝,1
결심,3
출범,3
Voice,1
of,2
China,1
中國之聲,1
각국,10
대외적,4
현판,1
식이,1
거행,3
CNR,1
CRI,1
VOA,1
본뜨,1
비판적,2
50,2
채널,2
영어,1
CGTN,1
BBC,1
팬,1
거느리,2
직속,2
편입,1
통제하,1
알려주,1
中國新聞網,1
노동절,5
삼위,1
일체,1
항,11
눈부시,2
소중,1
본받,2
인지,1
四個意識,8
四個自信,8
보완,3
일치,12
看齊,8
초심,26
하이,2
海南,2
성에,3
실험,1
점진적,1
듯,13
수록,2
내수,1
잠재력,5
집해,1
사위,1
기도,2
성립,5
모순,4
선점,1
전투력,1
장교,1
대우,3
군민,1
내년,11
재정,9
통화,8
살리,1
적정,3
물가,1
폭등,2
내비치,3
난하이,3
中南海,3
내년도,2
민주당,9
상공업,2
무소속,3
공헌,2
조화,7
중구,4
穩中求進,7
의법,4
依法治國,4
법,8
고품질,10
공급,13
실질적,1
2018,4
나름,1
자평,5
결산,2
온중,7
구진,6
문호,1
[,3
],3
벼랑,2
메이,7
마크,6
롱,6
스트롱,1
맨,1
철권,1
통치자,1
위세,1
떨치,1
이민,3
극우,5
휘몰아치,1
한해,1
America,1
First,1
기관차,1
마이,2
굴기하,1
데는,1
성공,11
직격탄,1
작인,1
부진,5
늪,1
빠지,4
맹주,2
테리,2
총리와,2
뉘엘,2
브렉,4
시트,4
Brexit,2
탈퇴,3
혼란,3
투수,2
등판,2
타결,10
이른바,2
노,5
치명적,2
내상,1
레,3
터키,5
대선,6
총선,4
발판,2
남미,3
자이르,2
보우,2
소나,1
루가,1
당선,3
41,2
조지,4
W,5
부시,9
버라,4
여사,3
코피,1
유엔,9
사무총장,5
물리학자,4
스티븐,2
킹,2
▲,15
우선주,1
거침없이,1
밀어붙이,2
정점,3
달하,9
FTA,1
전통적,4
동맹,2
불화,1
문법,1
뒤집,1
질서,3
판짜기,1
극적,1
核,1
휴,1
중거리,1
핵전력,1
조약,2
INF,1
이정표,3
첫해,1
설전,1
반전,1
밀입국,1
기소,1
동행,1
미성년,1
자녀,1
격리,1
수용,2
관용,1
행렬,1
캐,1
둘러싸,2
스캔들,1
특검,1
수사,1
선거,5
하원,8
다수당,1
탈환,1
백악관,1
인선,1
차질,1
고립,1
폐지,3
명시,4
우방,1
후원자,1
입지,6
폭탄,3
보복,3
대결,1
받으,4
여파,3
세기,6
지칭,1
78,1
저개발,1
덫,1
좀처럼,1
탄력,1
못지않,2
부정,1
의혹,1
압도,2
득표율,1
집권자,1
발짝,1
다가서,1
밀월,1
하면,1
가까워,1
ㆍ,1
리지,1
총리직,1
위태,1
투표,2
생하,1
국경,1
안전장치,1
만약,1
야당,1
노동당,2
불신임,1
현실화하,1
브렉시트,1
사퇴,1
물거품,1
상처,1
임금,1
저소득,1
은퇴,1
보장세,1
철회,3
부자,2
불통,1
후유증,1
그대로,1
세금,3
줄줄이,1
불거지,2
타락,1
천사,1
촌평,1
급전,1
직하,1
나루,1
종주국,1
자처,1
민주주의,2
회복,2
성향,1
자유당,1
PSL,1
아웃사이더,1
돌풍,1
미화,1
인종,5
차별적,1
일삼,2
난민,2
쓰레기,1
비유,1
노골적,3
모토,1
차별,3
범죄자,1
극단적,1
공약,1
경제난,2
폭력,2
범죄,6
급증,2
분노,1
유권자,1
심,4
한순간,1
대세,1
떠오르,5
저항,2
아이콘,3
자말,2
슈,2
끄,2
얼굴,2
무함,3
마드,3
살만,1
이스탄불,2
살해,2
사우디,9
아라비아,1
피살,2
배후,2
의심,1
실세,1
왕세자,5
카슈끄지,2
WP,1
정권,2
왕실,3
총영사관,1
조직적,1
암살,1
희생,3
정황,1
파문,1
교체론,1
헤,1
티나,1
부에노스아이레스,1
화려,1
산유국,1
오일,1
머니,1
술탄,2
재선,2
제왕,2
2033,1
의원,7
내각제,1
전환,4
이슈,3
꾀하,1
한국계,4
앤,1
한인,3
세로,1
뉴저지,2
선거구,1
출마,1
1998,1
김창준,1
공화,2
퇴임,1
학창,1
시절,2
졸업,1
로즈,1
장학생,1
선발,5
옥스퍼드,2
학,1
학위,1
버락,2
몸담,1
입성,2
노리,2
1.5,1
국명,1
옥,1
막판,1
접전,1
낙선,1
냉전,2
종식,2
주역,1
부부,1
허버트,1
94,1
별세,3
92,1
일기,1
탈냉전,1
세계사,1
전환기,1
동서,1
화합,1
초석,1
닦,1
걸프전,1
장남,1
43,1
가문,1
케네디,1
家,1
명문가,1
혈관,1
파킨슨,1
증후군,1
투병,2
퇴원,1
반복,1
병마,1
73,1
해로,1
전형적,1
조형,1
퍼스트,1
레이디,1
사랑,3
영부인,1
꼽히,7
솔직,1
성품,1
친근,1
보수,2
매,4
버릭,1
진영,1
거물급,1
82,1
공화당,2
상원,2
애,5
대표적,1
초당파,1
복무,1
베트남,2
포로,2
1982,2
입문,1
1987,1
지내,2
뛰어들,1
경선,1
패하,1
맞붙,1
말기,1
뇌종양,1
판정,1
자택,1
치료,1
미스,1
벨,3
평화상,3
수상,2
향,1
직원,2
봉,1
입지전,1
35,1
만인,1
1997,3
사무,2
총장,3
에이즈,1
방지,3
중재,1
눈,4
띄,3
공로,1
인정받,1
2001,2
2002,1
독자,1
재단,1
설립,7
글로,1
벌,1
거,1
버넌스,1
물리학,2
루게릭병,1
76,1
타계,1
루,3
릭,2
병,2
앓,1
블랙홀,1
우주론,1
양자,2
중력,1
기여,9
뉴턴,2
아이,2
슈타인,1
계보,1
1959,1
살의,1
나이,1
입학,1
살,3
전신,1
서서히,1
마비,1
근,3
위축성,1
삭,1
경화,1
증,1
ALS,1
ㄴ바,1
휠체어,1
컴퓨터,1
음성,1
재생,1
전설적,1
작,2
브리지,1
카시,1
석,1
좌,1
역임,1
물리,1
노벨상,1
특별,10
1988,2
과학계,1
베스트셀러,2
닛,3
몰락,7
로스,2
곤,2
해임,3
자동차,5
1999,1
닛산,3
파견,1
연출,2
미쓰,1
비시,1
三菱,1
르노,2
대수,1
60,2
만대,1
소득,1
신고,1
혐의,1
검찰,2
체포,2
사흘,1
후인,1
이사회,3
회장직,1
이사,1
기둥,1
연합체,1
학살,3
방관자,1
아웅산,1
수치,2
로힝,1
족,1
청소,3
침묵,3
미얀마,4
자문,2
역,3
실권자,1
민주화,5
추앙,1
이슬람,4
계,1
로힝야족,1
자행,1
잔혹,1
탄압,3
묵인,2
방관,1
캐나다,2
명예,3
시민권,1
단체,5
앰,1
네스,1
반인,1
식,7
반응,4
지탄,1
로열,1
웨딩,1
해리,3
왕자,3
자비,1
교제,2
런던,2
윈저성,1
결혼식,1
할리우드,2
여배우,2
엘리자베스,1
여왕,1
차남,1
왕위,1
계승,7
법정,1
슈츠,1
Suits,1
스타덤,1
결혼,2
이혼,1
경력,1
백인,1
흑인,1
어머니,1
혼혈,1
는다는,6
epa,1
07182847,1
영원,2
자찬,3
영원히,5
공개적,2
경,3
행하,1
끊임없이,4
비약,2
극찬,4
파국,1
치닫,1
1904,2
구세대,1
회고,2
패권주의,1
강권,1
인정,1
건설자,1
타국,4
내정,2
간섭,2
강자,2
약자,2
깔보,2
불어넣,4
방어,2
영토,4
보존,2
치도,2
분간,1
발전상,2
달라,2
경축,5
자주색,1
넥타이,1
차림,2
최적화하,2
조성,4
단호히,2
열심히,1
거칠,2
파도,2
가파르,2
등산,2
후퇴,2
자만,1
어선,1
우유,1
부단,1
내서,1
릴레이,1
경주,1
바통,1
이어받,2
뛰,1
잃,7
진행하,2
재확인,1
현수막,1
한마디,1
듯하,4
모양새,1
띄우기,4
여념,1
칼날,1
부가,1
위축,1
다시금,2
내우,7
외환,7
공포,4
內憂外患,1
정식,4
다양성,1
파와,2
교육,62
성격,4
중앙당,5
근간,2
2003,1
임시,1
과학화,1
규범화,1
인재,9
삼개,3
三個代表論,3
합심,2
맞닥뜨리,3
주최,2
구성원,2
자아,5
공직자,1
윤리,2
풍,1
관료,2
형식,3
향락,1
용두,1
사미,1
중도,1
참가자,1
려면,2
안간힘,1
둔화,9
바로잡,1
영도력,1
정법,9
심의,3
사법,4
법치,2
~,8
다지기,1
재확인하,1
다과,1
대동,5
중등,1
리스크,3
구제,1
오염,1
새해,11
콩과,1
마카오,6
번영,2
안정도,1
양안,1
兩岸,1
상생,4
개척,2
다과회,1
당파,2
극원,1
맞이,1
전통극,1
공연,5
고귀,2
가치,4
성실,2
기풍,2
모범,6
노동자,11
본과,1
수강생,3
회신,2
이끌어내,1
의욕,1
추진력,2
탐구심,1
성취,1
광대,1
게끔,1
치하,1
고등,5
함,1
멸,1
봉공,1
대한,1
표창,2
1992,1
휘장,1
수상자,3
편지,1
답장,1
신년사,2
배경,5
창구,2
31,1
년도,1
신년,2
사가,1
집무실,3
서가,4
장소,4
뒤쪽,1
놓이,2
세심,1
다가가,1
평년,1
비슷,2
만장일치,1
970,1
선서식,2
대립,2
창샤,1
長沙,1
갑판,1
식목,1
어린이,1
장강,1
長江,1
유역,1
53,1
회의장,1
하얗,1
망토,1
두르,1
가난,2
산골,1
마을,1
장성,8
농업,1
촬영,1
朱日和,1
건군,1
90,2
열병,1
훈장,1
개최지,1
입당,4
선서,1
가족,2
연초,2
習,1
굵직,1
사회과,3
개소식,1
축사,3
고고학,1
고대사,1
문명사,1
체계적,1
법칙,1
지혜,4
나아가,3
연구가,1
보고,5
조류,1
정착,2
바라,4
쿠,2
黃坤明,2
불투명,1
습니다,4
부재,1
ㅂ니다,2
출판사,2
비가,1
펴내,2
곤경,2
賀照田,1
문학,5
마포구,1
비서,1
토론회,3
발표자,1
공백,1
참가,4
현대사,2
1978,1
약하,1
어감,1
수식어,2
어울리,1
말로,1
물질,1
수요,4
낙후,1
생산력,2
불균형,1
부조화,1
독점적,1
1970,1
단서,1
단어,3
느낌,1
계급투쟁,1
꼬집,2
차이,1
신중,1
행정,6
자율성,2
단정,1
예고,2
부의,1
탄탄히,1
하라,1
거둔,1
옮기,3
탐사,4
뒤편,2
嫦娥,1
오후,4
뒷면,2
玉兎,1
옥토끼,1
보내오,1
종사자,2
중앙위,2
원만,1
서막,1
원자탄,1
수소탄,1
인공,1
유인,1
우주선,1
천국,1
CNSA,1
탐사선,2
작동,1
탐지,1
데이터,2
전송,2
국기,7
찍히,1
벽두,2
무소,1
있음,3
결사,1
옹위,1
결의,1
형식적,1
부양,6
합리적,11
무겁,2
활성,2
견디,2
쏟아붓,2
적절,2
재적,2
푸,3
산업과,3
민생,7
혜택,4
6.6,4
기록하,4
겹치,6
6.5,5
최악,6
데이,2
비드,2
브라운,2
대까지,2
추락,2
경제가,3
시나리오,3
그치,1
소비,5
부동산,3
약세,1
부양책,1
엄중,3
고난,2
최적,1
창업,1
모멘텀,1
교도,3
게양,7
천주,1
성당,2
五星紅旗,1
보가,1
사무국,1
국장,2
쭤,1
王作安,1
천주교,6
국회,2
주교단,2
가톨릭,1
인가,1
지하,3
신도,3
730,1
나뉘,1
사명감,1
국경일,2
린,1
馬英林,1
저버리,2
사찰,1
사원,2
철저,4
불교,1
성지,4
소림,1
무술,1
河南,1
숭,1
嵩山,1
소림사,3
少林寺,1
495,1
건립,7
일자,1
애교,1
愛國愛敎,1
해명,1
자치구,6
바티칸,1
교황청,4
주교,1
잠정,1
신부,1
변질,1
교의,1
다큐,1
생애,1
기리,3
동유럽,3
공산권,2
부작,3
다큐멘터리,3
불굴,3
동료,2
계급,2
해방,4
일생,2
초지,2
일관,2
던지,6
진보,2
깊,2
끼치,2
大,3
동구권,2
넘어오,3
동부,3
징,4
南京,2
재학생,3
일행,3
투어,2
베를린,4
쾰른,3
벨기에,4
브뤼셀,4
둘러보,8
m,2
통수권,2
퇴직,5
春節,1
굴,10
자로,3
설맞이,1
위로,3
일일이,1
악수,1
완벽히,1
통솔,1
세미나,4
폐회식,1
불확실,4
위기의식,3
예방,2
중앙서,1
기처,1
결집,3
읽히,1
주리,1
竹立家,1
행정원,1
이러,2
위기감,3
호주,2
대치,2
장리,2
章立凡,1
심상찮,1
당근,1
채찍,1
불만,3
냉소주의,2
뉴미디어,7
대중적,1
급속,3
애용,1
먹혀들,1
과실,1
서민,1
퇴역,1
교사,12
파업,1
극심,1
스트레스,1
불평등,2
지치,1
차라리,1
은둔,1
고독,1
즐기,1
냉소,2
퍼지,2
분위기,3
불온,2
300,1
스마트,3
폰,3
부적,1
절,8
해롭,1
서이,1
좌절,1
죽음,1
패배주의,1
퍼트리,1
철퇴,1
운영자,2
사과,1
퍼뜨리,1
長安劍,1
협객,2
俠客島,1
창안젠,1
600,1
팔로워,1
수도,2
수개월,1
아이템,1
편집,1
본부,1
모바일,9
중요성,4
맥락,1
웹사이트,1
微博,1
트위터,1
IPTV,1
회의적,1
헨리,1
찬,2
지나치,1
책무,1
소홀,1
지도급,1
廣西,1
장족,1
혁신적,1
주체,2
구간,3
총력,4
감세,4
비용,4
절감,2
민영,5
감소,2
넓,1
농,1
업계,1
서로,5
전체적,2
허리,2
何立峰,2
유진,1
穩中有進,1
업종,1
모델,1
펴,1
융자,1
대표단,6
일정,1
막바지,1
경찰,4
부대,3
强軍夢,1
완수,1
태세,3
우수,5
성적,1
치량,1
許其亮,1
유샤,1
張又俠,1
魏鳳和,1
청,1
李作成,1
개막,4
폐막,3
혀,1
이라고,1
전문적,1
독특,1
생명력,2
투신,2
동심원,1
영광,2
긴밀히,2
기치,1
⑥,1
승부수,2
손안,1
극하,1
얼마,1
수입품,1
WTO,1
제소,1
그때,1
시달리,4
맞받아치,1
피해,1
동반,1
악화,4
동기,1
20.7,1
심리,1
움츠러들,1
판매량,1
5.3,2
감축,1
160,1
전년,1
통계,2
블랙,1
스완,1
뿔,1
낮추,2
일자리,4
대조적,1
4.9,1
0.4,1
올르,1
남부,1
업체,5
감원,1
한파,1
불어닥치,1
쫓기,1
화웨이,1
창업자,1
딸,1
재무,1
CFO,1
멍,6
완저,1
우가,1
기울,1
전세,1
공장,2
소비자,1
씨름,1
느긋,1
조금,1
서두르,1
급진전,1
늦추,1
양상,1
강제적,1
구조적,3
견해차,1
선호,1
하노이,3
싶,2
좁,1
치적,1
증시,1
주가,2
적당,1
타협,1
절충안,1
여전,3
6.2,1
한두,1
문제없,1
대학교,1
고등학교,1
평생,1
민중,1
천추,1
위업,1
적극성,2
주체성,1
친,1
화력,1
목적성,1
저명,2
사상지,3
극,2
병렬,1
잡지,4
간행,4
변증법,2
통일성,2
찬하,1
꼭,1
종류,1
느냐를,1
구하,2
1958,1
紅旗,1
전승,2
세계관,1
배우자,1
쉐시,6
궈,6
學習强國,3
응용,3
쉐시창궈,11
출시,8
용,7
앱으,2
무료,1
다운로드,5
순위,2
로이,1
수가,1
앱스토어,1
다운,1
로드,1
로이터,1
370,1
작명,3
연설문,3
자료,4
집대성,1
베이스,1
마일리지,1
쌓,1
점차,1
공략,1
쉐시창궈라,1
디자인,1
붉,8
실명,2
가입,2
전자,1
상거래,1
阿里巴巴,1
馬雲,1
공산당원,4
홍위병,3
필수품,2
홍서,8
紅書,2
표지,2
빨간색,2
현대적,1
통제력,1
현대판,1
진정,1
제공,3
낡,3
동방,2
변함없이,1
흡수,4
특별히,1
엘,4
더스,4
동남아,2
이탈리아,2
경계,2
반기,2
멤버,2
제의,1
다자간,1
大國,1
윈윈,1
전세계,2
중의,1
넬,1
창설,2
수장,4
질병,1
당일,3
생일,9
부와,1
내려보내,1
지시문,3
보통,1
태,2
이외,1
인간,2
삶,2
헌신,1
되돌아보,1
모르,1
심오,1
상기,1
얼마나,1
흐르,2
든지,1
잊,13
배지,1
착용,1
관함식,7
관함,1
식과,1
고위,3
끌어들이,3
창립,13
최강,1
견주,1
만하,2
칭다오,2
靑島,1
열고,1
잠수함,1
최첨단,1
입국,1
무관,1
림,1
팩,1
초청,3
불참,1
경계심,1
한창,2
듯이,1
무력,1
37,2
필리핀,5
그리스,5
포르투,1
IMF,1
총재,1
국제기구,2
한자리,2
개막식,4
원탁,1
버금가,4
리더,3
표출,1
감당,1
떠안기,1
불러들이,1
주입,3
양성,6
수업,5
필수,1
수강,1
좌담,1
왜,1
수백,1
중추,1
수만,2
팀,2
작업실,1
885,1
정치학,1
張鳴,1
위층,1
중요시,2
현시대,1
주입식,1
아마,1
동요,1
장밍,1
막히,1
없다,2
학술적,1
亞,1
보디,1
국왕,1
아르메니아,1
포용성,2
피스,1
파블,1
침략,1
서양,1
산실,2
동양,1
콥,1
이야말로,1
긴밀,1
彭麗媛,1
귀빈,3
성대,3
만찬,1
단합,2
개조,1
심지어,1
대체,1
어리석,1
평등,2
오만,1
편견,1
힘주,1
유산,2
관광,35
끌어모으,1
47,1
사격,4
절실,1
분과,1
축제,3
주간,2
남북한,1
명분,3
속내,1
AsiaNet,3
푸젠성,14
룽옌,9
상항,2
--,1
Tour,4
around,4
Fujian,5
Have,4
all,4
Blessings,3
78779,1
따뜻,3
화창,1
룽옌시,1
구톈,2
Culture,4
and,4
Tourism,4
Industry,1
Development,1
Conference,1
Provincial,1
Department,1
CPC,6
후원,1
Longyan,2
Municipal,2
Bureau,2
상임,2
부의장,1
노동조합,1
연맹,1
Huang,1
Qiyu,1
사무실,1
산하,1
여행사,1
챔피언,1
Wu,1
Xiande,1
동력원,1
포괄적,1
양질,2
인자,1
빈번,1
단행,2
패턴,2
차츰,1
브랜드,3
덕분,1
blessings,1
아이디어,2
이점,1
푸젠,2
투자자,1
Xu,1
Weize,1
CPPCC,1
중국적,1
가미,1
개의,5
다섯,2
여섯,1
일곱,1
명소,1
객,4
Hakka,1
"1,000",2
웨,4
빙,4
고자,5
그만,1
리조트,1
총체적,2
관광지,2
친절,1
활기,1
넘치,3
의사소통,1
연계성,1
생태적,1
무형,1
문화재,4
체결,2
선구자,1
시상식,3
틱,1
Tik,1
Tok,1
인증서,1
야외,1
출범식,1
활동도,1
매력,1
파트,1
하위,1
민속,1
엑스포,1
음식,2
Red,1
Army,1
Troops,1
하이킹,1
체험,1
청과,1
대민,1
격렬,1
짐,1
다독이,2
고심,1
집체,3
위해,2
시골,1
순회,1
읽기,1
추모,1
방송국,1
매이,1
國歌,1
전후,1
자라,1
군영,1
공휴,1
최고조,1
복안,1
전의,5
대장,11
기념비,8
大長征,5
출발지,7
전군,2
배포,4
총책,4
장시,3
江西,3
공산군,3
홍군,14
집결,4
간저,3
우시,3
于都,3
촌락,1
손들,2
1934,2
1935,2
대행,2
근거지,2
동남부,2
서북부,2
절명,4
회생,3
장시성,10
아킬레스건,4
희토류,10
갑자기,2
내려가,2
요강,7
대상인,2
스카,2
암초,2
항행,2
기념관,2
후손,1
무수,1
선열,3
도중,1
좋아지,1
채소,1
단지,1
타개,1
행복,2
보병,5
실전,1
이례적,1
훈련장,1
극한,1
戰場,1
지향,1
학업,1
현대전,3
뭐,1
가르치,1
군부대,4
주목받,1
그날,1
환대,1
재조명,3
기념식,2
명이,2
기념사,1
5.5,1
2.3,1
제막식,1
어의,1
전시물,1
市,1
전국적,1
미약,1
스가,2
생전,2
번,3
밟,1
재조명하,1
◇,3
프롤레타리아,2
예견,1
1818,1
본,1
파리,1
이주,1
저술,1
유물론,2
역사관,1
1848,1
49,1
新,1
라인,1
주필,1
추방,1
1851,1
자본론,1
집필,1
생,1
법과,1
상부,1
자본주의,5
고도화되,1
사회인,1
예언,1
각성제,1
만연,1
자유주의,1
양극화,1
문제점,1
부여받,2
냉담,1
활발히,1
애초,1
호의,1
서독,1
간주,1
더구나,3
전체주의,2
유린,1
천대,1
복지사,1
시의회,1
그만큼,2
만만,1
순례,1
몰려들,1
희생자,2
관계자,1
온당,1
항변,1
베,2
재평가하,1
아들,1
나이다,1
찬반,1
풍경,1
대안,1
AfD,1
좌파,1
착취,1
강풍,1
멘에,1
장쑤성,1
유치,3
골머리,1
명하,1
숙련,1
랜드,1
티머시,1
히스,1
숙달,1
멀,4
대체적,1
조사,2
230,1
중졸,1
학력,3
절반,1
대졸,2
학력자,2
군보,1
지휘부,2
임의,1
지휘관,1
고작,1
사병,2
고졸,1
이상인,1
막대,2
뒷받침,2
레이더,1
수세미,1
사용하,1
망가뜨리,1
적도,1
모집,1
신병,1
대졸자,1
적응,1
떠나가,1
특유,1
걸림돌,1
베이츠,1
할애,1
사기,1
진작,1
몰르,1
버전,1
첨,1
단화,1
인력,1
화교,7
華僑,1
800,1
상권,1
친목,2
친목회,2
독려,1
여우,1
취안,1
尤權,1
통일전선,1
좌지우지,1
미주,1
450,1
범죄인,7
인도법,1
공표,1
누수,1
발전론,1
화한,1
머리,1
원전,1
읽,3
원문,1
원리,1
깨치,1
결합,2
사설,2
종성,1
鐘聲,1
신용,1
정객,1
준법,1
떠들,1
법안,12
입법,1
반환,1
협약,1
맺,2
초안,1
공인,1
고민,2
확전,1
중인,1
오사카,4
깊어지,1
외교전,4
요지부동,1
몰,1
시민,2
찬바람,1
심상,1
6.4,1
좌불안석,1
전용기,1
떨,1
스스,2
키스,1
탄,1
강행군,1
SCO,1
만남,1
소론,1
바이,1
제엔,1
코프,1
華爲,1
포위,1
250,1
어치,1
투항,1
거부,1
투하,1
농산물,1
페덱스,1
포드,1
유학,1
여행,1
경보,1
동원,1
꺼내,1
역부족,1
일상생활,1
당혹,1
일명,1
송환,5
운집,1
도심,1
시위대,2
해산,1
최루탄,1
물대포,1
별로,1
운동가,1
악용,1
소지,1
소탕,2
눈여겨보,1
당황,1
설상가상,1
출간,1
똘똘,1
취재,1
유전자,1
답보,2
효,1
미완성,1
고리,2
혈맹,3
일종,1
중파,1
고모부,1
성택,1
처형,1
전례,1
무너뜨리,1
남북,1
쿠바,1
왕성,1
활로,1
결렬,2
을뿐더러,1
식량난,1
자력,1
갱생,1
논설,1
적대,1
정상적,1
정상화,1
원료,1
물자,1
들여오,1
가로막,1
직설적,1
이벤트,1
교착,1
움직이,1
버티,1
선대,1
김일성,1
김정일,2
완전히,4
후광,1
평양,3
재인,1
무개차,2
집권당,1
심하,1
만족,1
천시,2
陳希,2
휴전,3
모하,1
98,3
치우,1
새기,2
짊어지,1
사면령,1
항일,2
대상자,1
사면,3
아홉,1
시스트,1
수감자,1
석방,1
열렬히,1
양대,5
하자,1
부강,1
가리키,1
급하,1
다가오,1
변방,2
네이,2
內蒙古,1
예술계,4
복병,1
자치,2
급변,1
상승,1
증가,1
렀,1
딩쉐샹,1
丁薛祥,1
개위,1
다민족,1
유도,1
본고장,1
굳건히,1
하오,1
呼和浩特,1
관급,1
방위,1
작가,1
협회,1
문예,2
일선,2
재외,3
공관장,4
사절,3
수고,1
워크숍,1
용서,1
돌출,1
공공,1
확충,4
만리,5
대운하,1
공원,1
深,1
土,1
川,1
선행,1
시범,1
봉사자,1
회원,1
봉사,1
제도화하,1
일상화하,1
이바지,1
170,1
정치범,1
법원,2
테러,1
극단,1
침투,1
전복,1
엄격히,1
짱,1
西藏,1
티베트,1
주의자,2
테러리즘,1
폭력배,1
결탁,1
돌입,1
꼽,1
영자,1
거시적,1
융캉,1
周永康,1
낙마,1
실권,1
상반기,2
평온,2
거시,2
기르,2
주안점,2
유동적,2
사슬,2
업그레이드,2
발굴,2
극대화,2
네트워크,2
아울러,2
양산,2
좀비,2
최소화,2
집,2
주거,2
투기,2
엄하,2
의견,5
건전,1
필요성,1
발전적,1
정확히,1
자기,3
교과,2
중고,2
문건,1
明報,1
실과,1
약간,1
가정,1
협동,1
교원,2
애민,1
체화,1
학기,2
학교장,1
350,1
배정,1
모임,3
간쑤,3
甘肅,3
莫高窟,3
석굴,9
문화유산,3
시종,3
환하,3
미소,3
서신,3
간헐적,3
내노,3
빨,3
하얼빈,3
哈爾濱,3
취업,6
간담회,3
실업,3
쏟,3
일조,2
간쑤성,3
관문,3
가욕관,2
살펴보,2
농공,2
紅軍,1
西路軍,1
전몰,1
묘역,1
초창기,1
기하,1
기타,1
주고받,1
四個全面,1
소환,3
찾아가,1
황푸강,1
변,1
사립,1
龍,1
전시실,1
화풍,1
그림,6
대형,1
내전,1
밤낮없이,1
정사,1
돌보,1
헌신적,1
들판,1
농민,1
보살피,1
자애,1
그려지,1
왼팔,1
완장,1
감격,1
표정,1
전화,1
상흔,1
낭만적,1
와중,1
원조,1
抗美援朝,1
들어오,1
유화,2
붙잡히,1
사단,1
수척,1
밥그릇,1
부쩍,3
해진,1
수교,1
북한군,1
달려가,1
얼싸안으며,1
반갑,1
합류,1
열기,2
총성,1
일국,1
一國兩制,1
구인,1
후난성,1
사진전,1
열정,1
추이,1
스안,1
崔世安,1
도서,1
서점,1
당당,1
當當,1
32,1
짜리,1
전집,1
청년기,1
세월,1
오늘날,1
설계사,1
밀리,1
단순히,1
국난,1
항전,1
와해,1
차별화,1
명명,1
남다르,1
통치력,1
兩個維護,1
옳,1
교조적,1
兩個凡是,1
떠올리,1
굳히,1
지구전,5
持久戰論,1
굴욕적,1
바람,1
어그러지,1
1938,1
필,1
망론,1
中國必亡論,1
승,1
中國速勝論,1
현실성,1
경제력,1
월등,1
유격전,1
쟁취,1
금세,1
절판,1
내기,1
不忘初心牢記使命,1
험난,1
고통,2
비견,1
감수,1
우회적,1
복귀,1
외적,1
침입,1
상징적,1
보루,1
선명,1
규범화하,1
착실히,1
의무화,1
종사,2
의무적,2
테스트,3
응하,1
지에,1
샘플,1
포털,1
소후,2
닷컴,2
부분,3
최소,1
정치사상,1
프레스,2
발급,2
권고,1
